cluster_index,size
0,6
1,1054
2,1849
3,12
4,103
5,40
6,3
7,4
8,6
9,3
10,48
11,4
12,4
13,28
14,3
15,4
16,3
17,3
18,3
19,3
20,3
21,4
22,4
23,6
24,6
25,3
26,70
27,3
28,7
29,5
30,13
31,5
32,3
33,3
34,3
35,4
36,29
37,3
38,3
39,10
40,3
41,6
42,4
43,7
44,3
45,5
46,3
47,16
48,17
49,7
50,35
51,4
52,3
53,3
54,3
55,3
56,29
57,3
58,5
59,3
60,3
61,7
62,3
63,6
64,9
65,3
66,3
67,7
68,3
69,6
70,6
71,3
72,12
73,6
74,3
75,3
76,3
77,4
78,3
79,3
80,6
81,3
82,6
83,5
84,6
85,3
86,3
87,6
88,3
89,3
90,3
91,3
92,3
93,3
94,3
95,3
96,3
97,3
98,3
99,6
100,3
101,3
102,4
103,3
104,6
105,3
106,3
107,6
108,3
109,3
110,3
111,3
112,6
113,3
114,3
115,3
116,3
117,6
118,3
119,3
120,3
121,3
122,3
123,3
124,3
125,3
126,8
127,3
128,7
129,4
130,3
131,3
132,3
133,5
134,6
135,3
136,3
137,3
138,6
139,3
140,3
141,5
142,3
143,3
144,6
145,6
146,3
147,3
148,6
149,6
150,3
151,6
152,5
153,3
154,3
155,8
156,3
157,4
158,3
159,3
160,3
161,3
162,3
163,3
164,6
165,3
166,3
167,3
168,6
169,3
170,3
171,3
172,3
173,6
174,6
175,14
176,6
177,3
178,5
179,3
180,6
181,3
182,3
183,6
184,3
185,6
186,3
187,5
188,3
189,3
190,4
191,3
192,3
193,3
194,5
195,3
196,4
197,3
198,3
199,3
200,3
201,3
202,4
203,3
204,6
205,3
206,3
207,3
208,3
209,3
210,3
211,3
212,6
213,3
214,3
215,3
216,5
217,3
218,9
219,13
220,3
221,3
222,3
223,3
224,6
225,5
226,3
227,6
228,3
229,3
230,3
231,7
232,3
233,3
234,3
235,12
236,3
237,5
238,3
239,3
240,3
241,6
242,6
243,3
244,3
245,4
246,7
247,3
248,3
249,3
250,3
251,5
252,4
253,3
254,169
255,4
256,3
257,4
258,3
259,3
260,3
261,3
262,4
263,3
264,3
265,4
266,5
267,3
268,4
269,3
270,3
271,3
272,3
273,3
274,4
275,4
276,4
277,3
278,3
279,4
280,3
281,4
282,4
283,3
284,3
285,3
286,3
287,3
288,3
289,3
290,6
291,258
292,3
293,3
294,3
295,6
296,5
297,6
298,5
299,3
300,3
301,3
302,3
303,3
304,3
305,4
306,3
307,3
308,8
309,7
310,3
311,3
312,3
313,3
314,3
315,3
316,3
317,3
318,3
319,3
320,3
321,3
322,3
323,3
324,3
325,3
326,3
327,3
328,3
329,3
330,3
331,3
332,21
333,3
334,3
335,3
336,3
337,3
338,3
339,3
340,3
341,3
342,3
343,3
344,3
345,3
346,3
347,3
348,3
349,5
350,95
351,3
352,3
353,3
354,9
355,3
356,4
357,3
358,3
359,3
360,3
361,3
362,3
363,3
364,3
365,3
366,6
367,19
368,3
369,3
370,3
371,3
372,3
373,3
374,3
375,3
376,8
377,31
378,4
379,3
380,4
381,1036
382,3
383,5
384,3
385,7
386,5
387,4
388,6
389,3
390,10
391,3
392,6
393,31
394,4
395,6
396,3
397,3
398,3
399,3
400,201
401,35
402,4
403,5
404,4
405,7
406,3
407,3
408,20
409,11
410,4
411,117
412,104
413,3
414,4
415,3
416,9
417,20
418,8
419,3
420,3
421,4
422,5
423,5
424,30
425,3
426,15
427,9
428,3
429,9
430,3
431,4
432,3
433,3
434,3
435,8
436,7
437,3
438,4
439,3
440,20
441,5
442,30
443,4
444,7
445,5
446,3
447,3
448,3
449,3
450,5
451,3
452,4
453,7
454,3
455,5
456,3
457,3
458,4
459,3
460,4
461,3
462,3
463,4
464,3
465,5
466,3
467,3
468,5
469,4
470,3
471,3
472,3
473,3
474,3
475,3
476,3
477,3
478,4
479,3
480,3
481,3
482,3
483,3
484,3
485,3
486,3
487,5
488,3
489,7
490,5
491,3
492,3
493,3
494,3
495,4
496,5
497,5
498,5
499,3
500,3
501,3
502,3
503,3
504,4
505,4
506,3
507,4
508,3
509,3
510,3
511,3
512,5
513,3
514,4
515,4
516,3
517,3
518,3
519,3
520,3
521,3
522,4
523,3
524,3
525,4
526,3
527,3
528,3
529,3
530,3
531,3
532,3
533,3
534,3
535,7
536,4
537,3
538,4
539,4
540,6
541,4
542,4
543,88
544,3
545,35
546,3
547,3
548,3
549,3
550,156
551,4
552,5
553,3
554,4
555,6
556,8
557,11
558,11
559,3
560,4
561,4
562,7
563,13
564,10
565,3
566,6
567,7
568,6
569,3
570,5
571,4
572,5
573,3
574,3
575,3
576,17
577,480
578,3
579,19
580,4
581,4
582,4
583,3
584,3
585,5
586,13
587,103
588,3
589,5
590,7
591,8
592,9
593,3
594,3
595,4
596,4
597,3
598,3
599,4
600,4
601,3
602,3
603,3
604,3
605,11
606,3
607,4
608,3
609,3
610,3
611,7
612,3
613,58
614,3
615,5
616,3
617,3
618,3
619,4
620,4
621,3
622,4
623,4
624,4
625,3
626,3
627,28
628,3
629,3
630,5
631,3
632,13
633,4
634,3
635,4
636,12
637,3
638,3
639,3
640,3
641,3
642,3
643,3
644,4
645,3
646,3
647,3
648,4
649,9
650,3
651,3
652,3
653,3
654,4
655,3
656,3
657,3
658,3
659,3
660,4
661,3
662,3
663,3
664,3
665,3
666,3
667,3
668,3
669,4
670,3
671,3
672,3
673,3
674,3
675,3
676,7
677,3
678,3
679,3
680,3
681,25
682,4
683,3
684,3
685,81
686,3
687,4
688,5
689,4
690,5
691,3
692,11
693,6
694,3
695,3
696,5
697,5
698,4
699,4
700,4
701,5
702,4
703,3
704,3
705,3
706,3
707,3
708,3
709,3
710,3
711,3
712,3
713,3
714,3
715,19
716,11
717,3
718,6
719,4
720,3
721,3
722,3
723,3
724,3
725,3
726,3
727,40
728,4
729,3
730,3
731,3
732,10
733,3
734,3
735,3
736,13
737,5
738,3
739,3
740,3
741,4
742,4
743,3
744,5
745,4
746,3
747,3
748,3
749,3
750,3
751,3
752,4
753,3
754,5
755,5
756,3
757,3
758,3
759,10
760,3
761,4
762,3
763,3
764,3
765,4
766,3
767,8
768,3
769,8
770,55
771,3
772,3
773,3
774,8
775,3
776,12
777,3
778,3
779,3
780,3
781,4
782,8
783,5
784,8
785,6
786,6
787,4
788,4
789,3
790,4
791,3
792,3
793,3
794,3
795,3
796,6
797,3
798,5
799,3
800,13
801,14
802,3
803,5
804,3
805,4
806,3
807,4
808,3
809,3
810,3
811,3
812,5
813,6
814,5
815,3
816,37
817,18
818,184
819,5
820,6
821,3
822,3
823,6
824,5
825,21
826,4
827,5
828,3
829,3
830,3
831,3
832,3
833,3
834,3
835,3
836,3
837,4
838,3
839,4
840,15
841,4
842,4
843,4
844,3
845,4
846,3
847,5
848,3
849,3
850,5
851,3
852,3
853,3
854,5
855,3
856,6
857,7
858,8
859,6
860,9
861,5
862,9
863,13
864,4
865,4
866,3
867,3
868,3
869,3
870,4
871,3
872,3
873,3
874,3
875,3
876,3
877,3
878,3
879,3
880,3
881,3
882,4
883,3
884,3
885,3
886,4
887,3
888,3
889,5
890,6
891,15
892,3
893,4
894,34
895,3
896,3
897,3
898,3
899,3
900,3
901,3
902,4
903,3
904,54
905,3
906,3
907,8
908,3
909,3
910,4
911,50
912,69
913,15
914,95
915,3
916,3
917,3
918,3
919,3
920,214
921,11
922,3
923,4
924,3
925,3
926,4
927,3
928,3
929,3
930,3
931,3
932,4
933,3
934,5
935,3
936,3
937,17
938,3
939,11
940,3
941,3
942,3
943,3
944,3
945,3
946,3
947,3
948,3
949,3
950,3
951,3
952,15
953,3
954,3
955,4
956,3
957,3
958,3
959,3
960,3
961,3
962,3
963,3
964,6
965,44
966,3
967,8
968,3
969,5
970,4
971,5
972,3
973,4
974,3
975,3
976,3
977,3
978,3
979,5
980,6
981,3
982,3
983,3
984,103
985,9
986,4
987,4
988,3
989,5
990,3
991,3
992,3
993,3
994,3
995,4
996,3
997,3
998,3
999,37
1000,67
1001,9
1002,4
1003,3
1004,6
1005,9
1006,3
1007,3
1008,3
1009,3
1010,4
1011,3
1012,4
1013,3
1014,3
1015,6
1016,9
1017,3
1018,3
1019,3
1020,3
1021,3
1022,4
1023,3
1024,3
1025,3
1026,3
1027,3
1028,3
1029,3
1030,3
1031,3
1032,3
1033,44
1034,5
1035,3
1036,3
1037,3
1038,4
1039,4
1040,3
1041,3
1042,3
1043,4
1044,3
1045,3
1046,3
1047,3
1048,4
1049,3
1050,3
1051,4
1052,3
1053,3
1054,3
1055,3
1056,4
1057,3
1058,3
1059,3
1060,3
1061,3
1062,4
1063,4
1064,3
1065,3
1066,3
1067,5
1068,3
1069,3
1070,3
1071,3
1072,3
1073,3
1074,3
1075,5
1076,3
1077,3
1078,5
1079,3
1080,10
1081,5
1082,4
1083,3
1084,3
1085,3
1086,3
1087,3
1088,3
1089,3
1090,3
1091,3
1092,3
1093,3
1094,3
1095,4
1096,3
1097,3
1098,3
1099,3
1100,5
1101,3
1102,3
1103,3
1104,3
1105,3
1106,3
1107,3
1108,3
1109,3
1110,4
1111,3
1112,4
1113,3
1114,3
1115,8
1116,3
1117,3
1118,3
1119,3
1120,5
1121,3
1122,3
1123,8
1124,15
1125,7
1126,18
1127,3
1128,3
1129,4
1130,3
1131,3
1132,5
1133,7
1134,4
1135,5
1136,4
1137,4
1138,7
1139,3
1140,3
1141,4
1142,3
1143,3
1144,19
1145,3
1146,29
1147,27
1148,40
1149,10
1150,12
1151,30
1152,67
1153,4
1154,17
1155,4
1156,69
1157,3
1158,26
1159,5
1160,3
1161,4
1162,53
1163,42
1164,4
1165,4
1166,4
1167,17
1168,6
1169,5
1170,5
1171,12
1172,14
1173,5
1174,3
1175,29
1176,32
1177,7
1178,5
1179,9
1180,3
1181,7
1182,4
1183,9
1184,3
1185,4
1186,3
1187,26
1188,3
1189,4
1190,5
1191,3
1192,27
1193,3
1194,3
1195,7
1196,3
1197,3
1198,11
1199,3
1200,4
1201,4
1202,3
1203,7
1204,5
1205,14
1206,3
1207,4
1208,4
1209,14
1210,7
1211,8
1212,17
1213,3
1214,14
1215,3
1216,4
1217,3
1218,3
1219,3
1220,3
1221,4
1222,3
1223,3
1224,6
1225,10
1226,4
1227,13
1228,16
1229,3
1230,5
1231,12
1232,3
1233,3
1234,3
1235,4
1236,3
1237,4
1238,7
1239,4
1240,3
1241,5
1242,6
1243,5
1244,12
1245,4
1246,3
1247,4
1248,14
1249,6
1250,4
1251,3
1252,8
1253,5
1254,3
1255,9
1256,5
1257,9
1258,4
1259,4
1260,5
1261,3
1262,4
1263,3
1264,3
1265,4
1266,6
1267,4
1268,75
1269,4
1270,11
1271,16
1272,3
1273,3
1274,9
1275,3
1276,3
1277,11
1278,4
1279,5
1280,4
1281,4
1282,3
1283,3
1284,3
1285,3
1286,8
1287,3
1288,3
1289,4
1290,3
1291,3
1292,3
1293,4
1294,3
1295,5
1296,6
1297,112
1298,3
1299,4
1300,4
1301,3
1302,3
1303,4
1304,3
1305,3
1306,3
1307,3
1308,3
1309,6
1310,3
1311,4
1312,9
1313,4
1314,3
1315,3
1316,3
1317,3
1318,3
1319,4
1320,3
1321,4
1322,3
1323,3
1324,3
1325,3
1326,3
1327,3
1328,3
1329,5
1330,3
1331,3
1332,3
1333,6
